dataset_size,condition,sorting_key,algorithm,runs,mean_time_sec,std_time_sec,mean_comparisons,mean_swaps,mean_moves,mean_peak_memory_mb
1000,duplicate_heavy,CGPA,bubble,1,0.249968600,0.000000000,481922.000,204685.000,614055.000,0.000778
1000,duplicate_heavy,CGPA,insertion,1,0.115757300,0.000000000,205683.000,0.000,205684.000,0.000656
1000,duplicate_heavy,CGPA,merge,1,0.014066700,0.000000000,8245.000,0.000,19952.000,0.009872
1000,duplicate_heavy,CGPA,quick,1,0.005892400,0.000000000,11905.000,4251.000,12753.000,0.002441
1000,duplicate_heavy,CGPA,selection,1,0.155974700,0.000000000,499500.000,810.000,2430.000,0.000778
1000,duplicate_heavy,Marks,bubble,1,0.249386200,0.000000000,475190.000,204432.000,613296.000,0.000778
1000,duplicate_heavy,Marks,insertion,1,0.115861200,0.000000000,205429.000,0.000,205431.000,0.000656
1000,duplicate_heavy,Marks,merge,1,0.013894000,0.000000000,8191.000,0.000,19952.000,0.009872
1000,duplicate_heavy,Marks,quick,1,0.005962000,0.000000000,11903.000,4253.000,12759.000,0.002472
1000,duplicate_heavy,Marks,selection,1,0.158123900,0.000000000,499500.000,799.000,2397.000,0.000778
1000,duplicate_heavy,Student_ID,bubble,1,0.000463700,0.000000000,999.000,0.000,0.000,0.000687
1000,duplicate_heavy,Student_ID,insertion,1,0.000689800,0.000000000,999.000,0.000,999.000,0.000656
1000,duplicate_heavy,Student_ID,merge,1,0.013915500,0.000000000,5044.000,0.000,19952.000,0.009872
1000,duplicate_heavy,Student_ID,quick,1,0.004745400,0.000000000,10975.000,0.000,0.000,0.002472
1000,duplicate_heavy,Student_ID,selection,1,0.159611600,0.000000000,499500.000,0.000,0.000,0.000717
1000,nearly_sorted,CGPA,bubble,1,0.269322200,0.000000000,498510.000,256667.000,770001.000,0.000778
1000,nearly_sorted,CGPA,insertion,1,0.142922900,0.000000000,257662.000,0.000,257666.000,0.000656
1000,nearly_sorted,CGPA,merge,1,0.013987700,0.000000000,8731.000,0.000,19952.000,0.009872
1000,nearly_sorted,CGPA,quick,1,0.005953600,0.000000000,14018.000,2507.000,7521.000,0.002350
1000,nearly_sorted,CGPA,selection,1,0.155727700,0.000000000,499500.000,996.000,2988.000,0.000778
1000,nearly_sorted,Marks,bubble,1,0.267288800,0.000000000,496340.000,242925.000,728775.000,0.000778
1000,nearly_sorted,Marks,insertion,1,0.135671800,0.000000000,243918.000,0.000,243924.000,0.000656
1000,nearly_sorted,Marks,merge,1,0.013857500,0.000000000,8709.000,0.000,19952.000,0.009872
1000,nearly_sorted,Marks,quick,1,0.006177500,0.000000000,13910.000,3072.000,9216.000,0.002350
1000,nearly_sorted,Marks,selection,1,0.157910800,0.000000000,499500.000,983.000,2949.000,0.000778
1000,nearly_sorted,Student_ID,bubble,1,0.176396400,0.000000000,483390.000,14639.000,43917.000,0.000778
1000,nearly_sorted,Student_ID,insertion,1,0.009051500,0.000000000,15638.000,0.000,15638.000,0.000656
1000,nearly_sorted,Student_ID,merge,1,0.013788100,0.000000000,7126.000,0.000,19952.000,0.009872
1000,nearly_sorted,Student_ID,quick,1,0.004392400,0.000000000,11001.000,81.000,243.000,0.002472
1000,nearly_sorted,Student_ID,selection,1,0.158652200,0.000000000,499500.000,25.000,75.000,0.000717
1000,random,CGPA,bubble,1,0.282450800,0.000000000,498797.000,249633.000,748899.000,0.000778
1000,random,CGPA,insertion,1,0.142878800,0.000000000,250626.000,0.000,250632.000,0.000656
1000,random,CGPA,merge,1,0.014560900,0.000000000,8699.000,0.000,19952.000,0.009872
1000,random,CGPA,quick,1,0.006748400,0.000000000,14680.000,2484.000,7452.000,0.002380
1000,random,CGPA,selection,1,0.173074200,0.000000000,499500.000,993.000,2979.000,0.000778
1000,random,Marks,bubble,1,0.276385200,0.000000000,497420.000,245345.000,736035.000,0.000778
1000,random,Marks,insertion,1,0.137940500,0.000000000,246340.000,0.000,246344.000,0.000656
1000,random,Marks,merge,1,0.014493400,0.000000000,8690.000,0.000,19952.000,0.009872
1000,random,Marks,quick,1,0.006032100,0.000000000,13334.000,3112.000,9336.000,0.002441
1000,random,Marks,selection,1,0.162032000,0.000000000,499500.000,983.000,2949.000,0.000778
1000,random,Student_ID,bubble,1,0.277470100,0.000000000,499310.000,252522.000,757566.000,0.000778
1000,random,Student_ID,insertion,1,0.141843500,0.000000000,253516.000,0.000,253521.000,0.000656
1000,random,Student_ID,merge,1,0.014301600,0.000000000,8729.000,0.000,19952.000,0.009872
1000,random,Student_ID,quick,1,0.006600900,0.000000000,15617.000,2298.000,6894.000,0.002411
1000,random,Student_ID,selection,1,0.165817900,0.000000000,499500.000,994.000,2982.000,0.000778
1000,reverse_sorted,CGPA,bubble,1,0.266576900,0.000000000,498834.000,241600.000,724800.000,0.000778
1000,reverse_sorted,CGPA,insertion,1,0.135433600,0.000000000,242592.000,0.000,242599.000,0.000656
1000,reverse_sorted,CGPA,merge,1,0.013794700,0.000000000,8744.000,0.000,19952.000,0.009872
1000,reverse_sorted,CGPA,quick,1,0.006830400,0.000000000,15154.000,2493.000,7479.000,0.002350
1000,reverse_sorted,CGPA,selection,1,0.158658300,0.000000000,499500.000,992.000,2976.000,0.000778
1000,reverse_sorted,Marks,bubble,1,0.280476700,0.000000000,498225.000,251316.000,753948.000,0.000778
1000,reverse_sorted,Marks,insertion,1,0.140640100,0.000000000,252310.000,0.000,252315.000,0.000656
1000,reverse_sorted,Marks,merge,1,0.014587800,0.000000000,8700.000,0.000,19952.000,0.009872
1000,reverse_sorted,Marks,quick,1,0.005816000,0.000000000,13408.000,3123.000,9369.000,0.002411
1000,reverse_sorted,Marks,selection,1,0.159775200,0.000000000,499500.000,981.000,2943.000,0.000778
1000,reverse_sorted,Student_ID,bubble,1,0.383031200,0.000000000,499500.000,499500.000,1498500.000,0.000778
1000,reverse_sorted,Student_ID,insertion,1,0.257999400,0.000000000,499500.000,0.000,500499.000,0.000656
1000,reverse_sorted,Student_ID,merge,1,0.013751500,0.000000000,4932.000,0.000,19952.000,0.009872
1000,reverse_sorted,Student_ID,quick,1,0.005589400,0.000000000,10976.000,500.000,1500.000,0.002533
1000,reverse_sorted,Student_ID,selection,1,0.165883800,0.000000000,499500.000,500.000,1500.000,0.000778
1000,sorted,CGPA,bubble,1,0.280221100,0.000000000,498510.000,257394.000,772182.000,0.000778
1000,sorted,CGPA,insertion,1,0.143027600,0.000000000,258389.000,0.000,258393.000,0.000656
1000,sorted,CGPA,merge,1,0.013928400,0.000000000,8737.000,0.000,19952.000,0.009872
1000,sorted,CGPA,quick,1,0.006521500,0.000000000,14121.000,2498.000,7494.000,0.002350
1000,sorted,CGPA,selection,1,0.165350800,0.000000000,499500.000,993.000,2979.000,0.000778
1000,sorted,Marks,bubble,1,0.290853500,0.000000000,496340.000,243280.000,729840.000,0.000778
1000,sorted,Marks,insertion,1,0.139515000,0.000000000,244273.000,0.000,244279.000,0.000656
1000,sorted,Marks,merge,1,0.014824200,0.000000000,8708.000,0.000,19952.000,0.009872
1000,sorted,Marks,quick,1,0.006249900,0.000000000,14322.000,3076.000,9228.000,0.002380
1000,sorted,Marks,selection,1,0.171348500,0.000000000,499500.000,984.000,2952.000,0.000778
1000,sorted,Student_ID,bubble,1,0.000473500,0.000000000,999.000,0.000,0.000,0.000687
1000,sorted,Student_ID,insertion,1,0.000709800,0.000000000,999.000,0.000,999.000,0.000656
1000,sorted,Student_ID,merge,1,0.014401200,0.000000000,5044.000,0.000,19952.000,0.009872
1000,sorted,Student_ID,quick,1,0.004477300,0.000000000,10975.000,0.000,0.000,0.002472
1000,sorted,Student_ID,selection,1,0.166186500,0.000000000,499500.000,0.000,0.000,0.000717
10000,duplicate_heavy,CGPA,merge,1,0.212828600,0.000000000,111849.000,0.000,267232.000,0.078751
10000,duplicate_heavy,CGPA,quick,1,0.083388900,0.000000000,153307.000,58772.000,176316.000,0.002869
10000,duplicate_heavy,Marks,merge,1,0.212596000,0.000000000,111919.000,0.000,267232.000,0.078751
10000,duplicate_heavy,Marks,quick,1,0.084613400,0.000000000,151676.000,58772.000,176316.000,0.002838
10000,duplicate_heavy,Student_ID,bubble,1,0.005175000,0.000000000,9999.000,0.000,0.000,0.000687
10000,duplicate_heavy,Student_ID,insertion,1,0.009192600,0.000000000,9999.000,0.000,9999.000,0.000656
10000,duplicate_heavy,Student_ID,merge,1,0.204469200,0.000000000,69008.000,0.000,267232.000,0.078751
10000,duplicate_heavy,Student_ID,quick,1,0.059695700,0.000000000,143615.000,0.000,0.000,0.002930
10000,nearly_sorted,CGPA,merge,1,0.216779300,0.000000000,120555.000,0.000,267232.000,0.078751
10000,nearly_sorted,CGPA,quick,1,0.088698200,0.000000000,194445.000,38584.000,115752.000,0.002655
10000,nearly_sorted,Marks,merge,1,0.215409600,0.000000000,120379.000,0.000,267232.000,0.078751
10000,nearly_sorted,Marks,quick,1,0.087409900,0.000000000,179585.000,46713.000,140139.000,0.002716
10000,nearly_sorted,Student_ID,insertion,1,1.161654500,0.000000000,1827899.000,0.000,1827899.000,0.000656
10000,nearly_sorted,Student_ID,merge,1,0.214340700,0.000000000,106656.000,0.000,267232.000,0.078751
10000,nearly_sorted,Student_ID,quick,1,0.060373000,0.000000000,146813.000,1080.000,3240.000,0.002991
10000,random,CGPA,merge,1,0.220549600,0.000000000,120469.000,0.000,267232.000,0.078751
10000,random,CGPA,quick,1,0.085187800,0.000000000,179856.000,38885.000,116655.000,0.002686
10000,random,Marks,merge,1,0.218984900,0.000000000,120353.000,0.000,267232.000,0.078751
10000,random,Marks,quick,1,0.087147900,0.000000000,185002.000,46795.000,140385.000,0.002686
10000,random,Student_ID,merge,1,0.218123000,0.000000000,120449.000,0.000,267232.000,0.078751
10000,random,Student_ID,quick,1,0.085289600,0.000000000,193671.000,30487.000,91461.000,0.002655
10000,reverse_sorted,CGPA,merge,1,0.215339200,0.000000000,120422.000,0.000,267232.000,0.078751
10000,reverse_sorted,CGPA,quick,1,0.085149300,0.000000000,182399.000,38684.000,116052.000,0.002686
10000,reverse_sorted,Marks,merge,1,0.211505700,0.000000000,120391.000,0.000,267232.000,0.078751
10000,reverse_sorted,Marks,quick,1,0.084005500,0.000000000,169899.000,47227.000,141681.000,0.002716
10000,reverse_sorted,Student_ID,merge,1,0.207337100,0.000000000,64608.000,0.000,267232.000,0.078751
10000,reverse_sorted,Student_ID,quick,1,0.059080400,0.000000000,143616.000,5000.000,15000.000,0.002991
10000,sorted,CGPA,merge,1,0.215155800,0.000000000,120559.000,0.000,267232.000,0.078751
10000,sorted,CGPA,quick,1,0.088621600,0.000000000,187550.000,38622.000,115866.000,0.002686
10000,sorted,Marks,merge,1,0.215727000,0.000000000,120363.000,0.000,267232.000,0.078751
10000,sorted,Marks,quick,1,0.083456100,0.000000000,168260.000,47025.000,141075.000,0.002716
10000,sorted,Student_ID,bubble,1,0.005720100,0.000000000,9999.000,0.000,0.000,0.000687
10000,sorted,Student_ID,insertion,1,0.009489500,0.000000000,9999.000,0.000,9999.000,0.000656
10000,sorted,Student_ID,merge,1,0.203538300,0.000000000,69008.000,0.000,267232.000,0.078751
10000,sorted,Student_ID,quick,1,0.059185100,0.000000000,143615.000,0.000,0.000,0.002930
50000,duplicate_heavy,CGPA,merge,1,1.318505300,0.000000000,665488.000,0.000,1568928.000,0.384079
50000,duplicate_heavy,CGPA,quick,1,0.552281300,0.000000000,884037.000,351925.000,1055775.000,0.003113
50000,duplicate_heavy,Marks,merge,1,1.319432300,0.000000000,665493.000,0.000,1568928.000,0.384079
50000,duplicate_heavy,Marks,quick,1,0.519190400,0.000000000,885144.000,352335.000,1057005.000,0.003143
50000,duplicate_heavy,Student_ID,bubble,1,0.025768900,0.000000000,49999.000,0.000,0.000,0.000687
50000,duplicate_heavy,Student_ID,insertion,1,0.040390300,0.000000000,49999.000,0.000,49999.000,0.000656
50000,duplicate_heavy,Student_ID,merge,1,1.269736100,0.000000000,401952.000,0.000,1568928.000,0.384079
50000,duplicate_heavy,Student_ID,quick,1,0.350744100,0.000000000,834463.000,0.000,0.000,0.003204
50000,nearly_sorted,CGPA,merge,1,1.337733100,0.000000000,718053.000,0.000,1568928.000,0.384079
50000,nearly_sorted,CGPA,quick,1,0.574657900,0.000000000,1066930.000,249036.000,747108.000,0.002869
50000,nearly_sorted,Marks,merge,1,1.348305200,0.000000000,716702.000,0.000,1568928.000,0.384079
50000,nearly_sorted,Marks,quick,1,0.531736100,0.000000000,971866.000,292142.000,876426.000,0.002930
50000,nearly_sorted,Student_ID,merge,1,1.285342700,0.000000000,652416.000,0.000,1568928.000,0.384079
50000,nearly_sorted,Student_ID,quick,1,0.354079100,0.000000000,839174.000,6968.000,20904.000,0.003235
50000,random,CGPA,merge,1,1.373574300,0.000000000,718120.000,0.000,1568928.000,0.384079
50000,random,CGPA,quick,1,0.569147600,0.000000000,1031996.000,250543.000,751629.000,0.002960
50000,random,Marks,merge,1,1.323439200,0.000000000,716742.000,0.000,1568928.000,0.384079
50000,random,Marks,quick,1,0.534740900,0.000000000,977646.000,292407.000,877221.000,0.002960
50000,random,Student_ID,merge,1,1.345754600,0.000000000,718095.000,0.000,1568928.000,0.384079
50000,random,Student_ID,quick,1,0.536137900,0.000000000,1102029.000,181838.000,545514.000,0.002869
50000,reverse_sorted,CGPA,merge,1,1.359062000,0.000000000,718303.000,0.000,1568928.000,0.384079
50000,reverse_sorted,CGPA,quick,1,0.622499000,0.000000000,1033613.000,250155.000,750465.000,0.002930
50000,reverse_sorted,Marks,merge,1,1.318585900,0.000000000,716728.000,0.000,1568928.000,0.384079
50000,reverse_sorted,Marks,quick,1,0.533513300,0.000000000,957370.000,294342.000,883026.000,0.003021
50000,reverse_sorted,Student_ID,merge,1,1.246990200,0.000000000,382512.000,0.000,1568928.000,0.384079
50000,reverse_sorted,Student_ID,quick,1,0.353050400,0.000000000,834464.000,25000.000,75000.000,0.003265
50000,sorted,CGPA,merge,1,1.356717400,0.000000000,718115.000,0.000,1568928.000,0.384079
50000,sorted,CGPA,quick,1,0.573606200,0.000000000,1067700.000,248961.000,746883.000,0.002930
50000,sorted,Marks,merge,1,1.325303300,0.000000000,716810.000,0.000,1568928.000,0.384079
50000,sorted,Marks,quick,1,0.541306900,0.000000000,991252.000,292104.000,876312.000,0.002930
50000,sorted,Student_ID,bubble,1,0.027436400,0.000000000,49999.000,0.000,0.000,0.000687
50000,sorted,Student_ID,insertion,1,0.040789500,0.000000000,49999.000,0.000,49999.000,0.000656
50000,sorted,Student_ID,merge,1,1.269132500,0.000000000,401952.000,0.000,1568928.000,0.384079
50000,sorted,Student_ID,quick,1,0.351810200,0.000000000,834463.000,0.000,0.000,0.003204
100000,duplicate_heavy,CGPA,merge,1,2.726104500,0.000000000,1420567.000,0.000,3337856.000,0.765610
100000,duplicate_heavy,CGPA,quick,1,1.174327000,0.000000000,1862125.000,753821.000,2261463.000,0.003235
100000,duplicate_heavy,Marks,merge,1,2.718592100,0.000000000,1419281.000,0.000,3337856.000,0.765610
100000,duplicate_heavy,Marks,quick,1,1.169051900,0.000000000,1904966.000,751953.000,2255859.000,0.003265
100000,duplicate_heavy,Student_ID,bubble,1,0.055651800,0.000000000,99999.000,0.000,0.000,0.000687
100000,duplicate_heavy,Student_ID,insertion,1,0.081248400,0.000000000,99999.000,0.000,99999.000,0.000656
100000,duplicate_heavy,Student_ID,merge,1,2.595553600,0.000000000,853904.000,0.000,3337856.000,0.765610
100000,duplicate_heavy,Student_ID,quick,1,0.741053900,0.000000000,1768927.000,0.000,0.000,0.003326
100000,nearly_sorted,CGPA,merge,1,2.762752200,0.000000000,1536374.000,0.000,3337856.000,0.765610
100000,nearly_sorted,CGPA,quick,1,1.223042000,0.000000000,2246618.000,544732.000,1634196.000,0.002991
100000,nearly_sorted,Marks,merge,1,2.741227900,0.000000000,1533025.000,0.000,3337856.000,0.765610
100000,nearly_sorted,Marks,quick,1,1.144585300,0.000000000,1963143.000,639534.000,1918602.000,0.003113
100000,nearly_sorted,Student_ID,merge,1,2.677166300,0.000000000,1408983.000,0.000,3337856.000,0.765610
100000,nearly_sorted,Student_ID,quick,1,0.768129000,0.000000000,1778923.000,15008.000,45024.000,0.003387
100000,random,CGPA,merge,1,2.809753400,0.000000000,1536028.000,0.000,3337856.000,0.765610
100000,random,CGPA,quick,1,1.228377800,0.000000000,2057582.000,552107.000,1656321.000,0.002991
100000,random,Marks,merge,1,2.773334800,0.000000000,1532742.000,0.000,3337856.000,0.765610
100000,random,Marks,quick,1,1.205626900,0.000000000,2054192.000,635682.000,1907046.000,0.003113
100000,random,Student_ID,merge,1,2.833250500,0.000000000,1536316.000,0.000,3337856.000,0.765610
100000,random,Student_ID,quick,1,1.222485600,0.000000000,2282298.000,388253.000,1164759.000,0.002930
100000,reverse_sorted,CGPA,merge,1,2.817373500,0.000000000,1536490.000,0.000,3337856.000,0.765610
100000,reverse_sorted,CGPA,quick,1,1.200750500,0.000000000,2080388.000,551978.000,1655934.000,0.002960
100000,reverse_sorted,Marks,merge,1,2.732479200,0.000000000,1532903.000,0.000,3337856.000,0.765610
100000,reverse_sorted,Marks,quick,1,1.156894600,0.000000000,1972975.000,638916.000,1916748.000,0.003052
100000,reverse_sorted,Student_ID,merge,1,2.632580900,0.000000000,815024.000,0.000,3337856.000,0.765610
100000,reverse_sorted,Student_ID,quick,1,0.772013600,0.000000000,1768928.000,50000.000,150000.000,0.003387
100000,sorted,CGPA,merge,1,2.879755200,0.000000000,1536371.000,0.000,3337856.000,0.765610
100000,sorted,CGPA,quick,1,1.305437400,0.000000000,2284601.000,545913.000,1637739.000,0.003082
100000,sorted,Marks,merge,1,2.790504500,0.000000000,1533000.000,0.000,3337856.000,0.765610
100000,sorted,Marks,quick,1,1.187709900,0.000000000,2005355.000,637582.000,1912746.000,0.003082
100000,sorted,Student_ID,bubble,1,0.054171500,0.000000000,99999.000,0.000,0.000,0.000687
100000,sorted,Student_ID,insertion,1,0.080388900,0.000000000,99999.000,0.000,99999.000,0.000656
100000,sorted,Student_ID,merge,1,2.639494800,0.000000000,853904.000,0.000,3337856.000,0.765610
100000,sorted,Student_ID,quick,1,0.772095300,0.000000000,1768927.000,0.000,0.000,0.003326
